<?xml version="1.0" encoding="UTF-8"?>
<project-private xmlns="http://www.netbeans.org/ns/project-private/1">
    <data xmlns="http://www.netbeans.org/ns/make-project-private/1">
        <activeConfTypeElem>1</activeConfTypeElem>
        <activeConfIndexElem>0</activeConfIndexElem>
    </data>
    <editor-bookmarks xmlns="http://www.netbeans.org/ns/editor-bookmarks/2" lastBookmarkId="0"/>
    <open-files xmlns="http://www.netbeans.org/ns/projectui-open-files/2">
        <group>
            <file>file:/C:/Users/thecarisma/Documents/SIMPLE%20GITHUB/simple/bootsrc/simple/sources/simple_string.c</file>
            <file>file:/C:/Users/thecarisma/Documents/SIMPLE%20GITHUB/simple/bootsrc/simple/sources/simple_state.c</file>
            <file>file:/C:/Users/thecarisma/Documents/SIMPLE%20GITHUB/simple/bootsrc/simple/sources/simple_scanner.c</file>
            <file>file:/C:/Users/thecarisma/Documents/SIMPLE%20GITHUB/simple/bootsrc/simple/includes/simple_misc.h</file>
            <file>file:/C:/Users/thecarisma/Documents/SIMPLE%20GITHUB/simple/bootsrc/simple/sources/simple_misc.c</file>
            <file>file:/C:/Users/thecarisma/Documents/SIMPLE%20GITHUB/simple/bootsrc/simple/sources/simple_stmt.c</file>
            <file>file:/C:/Users/thecarisma/Documents/SIMPLE%20GITHUB/simple/bootsrc/simple/includes/ring_scanner.h</file>
        </group>
    </open-files>
</project-private>
