<?xml version="1.0" encoding="UTF-8"?>
<configurationDescriptor version="100">
  <logicalFolder name="root" displayName="root" projectFiles="true" kind="ROOT">
    <logicalFolder name="HeaderFiles"
                   displayName="Header Files"
                   projectFiles="true">
      <itemPath>includes/simple.h</itemPath>
      <itemPath>includes/simple_api.h</itemPath>
      <itemPath>includes/simple_codegen.h</itemPath>
      <itemPath>includes/simple_hashtable.h</itemPath>
      <itemPath>includes/simple_item.h</itemPath>
      <itemPath>includes/simple_list.h</itemPath>
      <itemPath>includes/simple_misc.h</itemPath>
      <itemPath>includes/simple_parser.h</itemPath>
      <itemPath>includes/simple_scanner.h</itemPath>
      <itemPath>includes/simple_state.h</itemPath>
      <itemPath>includes/simple_string.h</itemPath>
      <itemPath>includes/simple_vm.h</itemPath>
      <itemPath>includes/simple_vmdll.h</itemPath>
      <itemPath>includes/simple_vmgc.h</itemPath>
    </logicalFolder>
    <logicalFolder name="ResourceFiles"
                   displayName="Resource Files"
                   projectFiles="true">
    </logicalFolder>
    <logicalFolder name="SourceFiles"
                   displayName="Source Files"
                   projectFiles="true">
      <itemPath>sources/simple_api.c</itemPath>
      <itemPath>sources/simple_codegen.c</itemPath>
      <itemPath>sources/simple_expr.c</itemPath>
      <itemPath>sources/simple_hashtable.c</itemPath>
      <itemPath>sources/simple_item.c</itemPath>
      <itemPath>sources/simple_list.c</itemPath>
      <itemPath>sources/simple_misc.c</itemPath>
      <itemPath>sources/simple_parser.c</itemPath>
      <itemPath>sources/simple_scanner.c</itemPath>
      <itemPath>sources/simple_state.c</itemPath>
      <itemPath>sources/simple_stmt.c</itemPath>
      <itemPath>sources/simple_string.c</itemPath>
      <itemPath>sources/simple_vm.c</itemPath>
      <itemPath>sources/simple_vmblock.c</itemPath>
      <itemPath>sources/simple_vmdll.c</itemPath>
      <itemPath>sources/simple_vmexpr.c</itemPath>
      <itemPath>sources/simple_vmgc.c</itemPath>
      <itemPath>sources/simple_vmlists.c</itemPath>
      <itemPath>sources/simple_vmoop.c</itemPath>
      <itemPath>sources/simple_vmperformance.c</itemPath>
      <itemPath>sources/simple_vmstackvars.c</itemPath>
      <itemPath>sources/simple_vmstate.c</itemPath>
      <itemPath>sources/simple_vmstrindex.c</itemPath>
      <itemPath>sources/simple_vmvars.c</itemPath>
    </logicalFolder>
    <logicalFolder name="TestFiles"
                   displayName="Test Files"
                   projectFiles="false"
                   kind="TEST_LOGICAL_FOLDER">
    </logicalFolder>
    <logicalFolder name="ExternalFiles"
                   displayName="Important Files"
                   projectFiles="false"
                   kind="IMPORTANT_FILES_FOLDER">
      <itemPath>Makefile</itemPath>
    </logicalFolder>
  </logicalFolder>
  <projectmakefile>Makefile</projectmakefile>
  <confs>
    <conf name="Debug" type="2">
      <toolsSet>
        <compilerSet>default</compilerSet>
        <dependencyChecking>true</dependencyChecking>
        <rebuildPropChanged>false</rebuildPropChanged>
      </toolsSet>
      <compileType>
        <linkerTool>
          <output>${CND_DISTDIR}/${CND_CONF}/${CND_PLATFORM}/simple.${CND_DLIB_EXT}</output>
        </linkerTool>
      </compileType>
      <item path="includes/simple.h" ex="false" tool="3" flavor2="0">
      </item>
      <item path="includes/simple_api.h" ex="false" tool="3" flavor2="0">
      </item>
      <item path="includes/simple_codegen.h" ex="false" tool="3" flavor2="0">
      </item>
      <item path="includes/simple_hashtable.h" ex="false" tool="3" flavor2="0">
      </item>
      <item path="includes/simple_item.h" ex="false" tool="3" flavor2="0">
      </item>
      <item path="includes/simple_list.h" ex="false" tool="3" flavor2="0">
      </item>
      <item path="includes/simple_misc.h" ex="false" tool="3" flavor2="0">
      </item>
      <item path="includes/simple_parser.h" ex="false" tool="3" flavor2="0">
      </item>
      <item path="includes/simple_scanner.h" ex="false" tool="3" flavor2="0">
      </item>
      <item path="includes/simple_state.h" ex="false" tool="3" flavor2="0">
      </item>
      <item path="includes/simple_string.h" ex="false" tool="3" flavor2="0">
      </item>
      <item path="includes/simple_vm.h" ex="false" tool="3" flavor2="0">
      </item>
      <item path="includes/simple_vmdll.h" ex="false" tool="3" flavor2="0">
      </item>
      <item path="includes/simple_vmgc.h" ex="false" tool="3" flavor2="0">
      </item>
      <item path="sources/simple_api.c" ex="false" tool="0" flavor2="0">
      </item>
      <item path="sources/simple_codegen.c" ex="false" tool="0" flavor2="0">
      </item>
      <item path="sources/simple_expr.c" ex="false" tool="0" flavor2="0">
      </item>
      <item path="sources/simple_hashtable.c" ex="false" tool="0" flavor2="0">
      </item>
      <item path="sources/simple_item.c" ex="false" tool="0" flavor2="0">
      </item>
      <item path="sources/simple_list.c" ex="false" tool="0" flavor2="0">
      </item>
      <item path="sources/simple_misc.c" ex="false" tool="0" flavor2="0">
      </item>
      <item path="sources/simple_parser.c" ex="false" tool="0" flavor2="0">
      </item>
      <item path="sources/simple_scanner.c" ex="false" tool="0" flavor2="0">
      </item>
      <item path="sources/simple_state.c" ex="false" tool="0" flavor2="0">
      </item>
      <item path="sources/simple_stmt.c" ex="false" tool="0" flavor2="0">
      </item>
      <item path="sources/simple_string.c" ex="false" tool="0" flavor2="0">
      </item>
      <item path="sources/simple_vm.c" ex="false" tool="0" flavor2="0">
      </item>
      <item path="sources/simple_vmblock.c" ex="false" tool="0" flavor2="0">
      </item>
      <item path="sources/simple_vmdll.c" ex="false" tool="0" flavor2="0">
      </item>
      <item path="sources/simple_vmexpr.c" ex="false" tool="0" flavor2="0">
      </item>
      <item path="sources/simple_vmgc.c" ex="false" tool="0" flavor2="0">
      </item>
      <item path="sources/simple_vmlists.c" ex="false" tool="0" flavor2="0">
      </item>
      <item path="sources/simple_vmoop.c" ex="false" tool="0" flavor2="0">
      </item>
      <item path="sources/simple_vmperformance.c" ex="false" tool="0" flavor2="0">
      </item>
      <item path="sources/simple_vmstackvars.c" ex="false" tool="0" flavor2="0">
      </item>
      <item path="sources/simple_vmstate.c" ex="false" tool="0" flavor2="0">
      </item>
      <item path="sources/simple_vmstrindex.c" ex="false" tool="0" flavor2="0">
      </item>
      <item path="sources/simple_vmvars.c" ex="false" tool="0" flavor2="0">
      </item>
    </conf>
    <conf name="Release" type="2">
      <toolsSet>
        <compilerSet>default</compilerSet>
        <dependencyChecking>true</dependencyChecking>
        <rebuildPropChanged>false</rebuildPropChanged>
      </toolsSet>
      <compileType>
        <cTool>
          <developmentMode>5</developmentMode>
        </cTool>
        <ccTool>
          <developmentMode>5</developmentMode>
        </ccTool>
        <fortranCompilerTool>
          <developmentMode>5</developmentMode>
        </fortranCompilerTool>
        <asmTool>
          <developmentMode>5</developmentMode>
        </asmTool>
      </compileType>
      <item path="includes/simple.h" ex="false" tool="3" flavor2="0">
      </item>
      <item path="includes/simple_api.h" ex="false" tool="3" flavor2="0">
      </item>
      <item path="includes/simple_codegen.h" ex="false" tool="3" flavor2="0">
      </item>
      <item path="includes/simple_hashtable.h" ex="false" tool="3" flavor2="0">
      </item>
      <item path="includes/simple_item.h" ex="false" tool="3" flavor2="0">
      </item>
      <item path="includes/simple_list.h" ex="false" tool="3" flavor2="0">
      </item>
      <item path="includes/simple_misc.h" ex="false" tool="3" flavor2="0">
      </item>
      <item path="includes/simple_parser.h" ex="false" tool="3" flavor2="0">
      </item>
      <item path="includes/simple_scanner.h" ex="false" tool="3" flavor2="0">
      </item>
      <item path="includes/simple_state.h" ex="false" tool="3" flavor2="0">
      </item>
      <item path="includes/simple_string.h" ex="false" tool="3" flavor2="0">
      </item>
      <item path="includes/simple_vm.h" ex="false" tool="3" flavor2="0">
      </item>
      <item path="includes/simple_vmdll.h" ex="false" tool="3" flavor2="0">
      </item>
      <item path="includes/simple_vmgc.h" ex="false" tool="3" flavor2="0">
      </item>
      <item path="sources/simple_api.c" ex="false" tool="0" flavor2="0">
      </item>
      <item path="sources/simple_codegen.c" ex="false" tool="0" flavor2="0">
      </item>
      <item path="sources/simple_expr.c" ex="false" tool="0" flavor2="0">
      </item>
      <item path="sources/simple_hashtable.c" ex="false" tool="0" flavor2="0">
      </item>
      <item path="sources/simple_item.c" ex="false" tool="0" flavor2="0">
      </item>
      <item path="sources/simple_list.c" ex="false" tool="0" flavor2="0">
      </item>
      <item path="sources/simple_misc.c" ex="false" tool="0" flavor2="0">
      </item>
      <item path="sources/simple_parser.c" ex="false" tool="0" flavor2="0">
      </item>
      <item path="sources/simple_scanner.c" ex="false" tool="0" flavor2="0">
      </item>
      <item path="sources/simple_state.c" ex="false" tool="0" flavor2="0">
      </item>
      <item path="sources/simple_stmt.c" ex="false" tool="0" flavor2="0">
      </item>
      <item path="sources/simple_string.c" ex="false" tool="0" flavor2="0">
      </item>
      <item path="sources/simple_vm.c" ex="false" tool="0" flavor2="0">
      </item>
      <item path="sources/simple_vmblock.c" ex="false" tool="0" flavor2="0">
      </item>
      <item path="sources/simple_vmdll.c" ex="false" tool="0" flavor2="0">
      </item>
      <item path="sources/simple_vmexpr.c" ex="false" tool="0" flavor2="0">
      </item>
      <item path="sources/simple_vmgc.c" ex="false" tool="0" flavor2="0">
      </item>
      <item path="sources/simple_vmlists.c" ex="false" tool="0" flavor2="0">
      </item>
      <item path="sources/simple_vmoop.c" ex="false" tool="0" flavor2="0">
      </item>
      <item path="sources/simple_vmperformance.c" ex="false" tool="0" flavor2="0">
      </item>
      <item path="sources/simple_vmstackvars.c" ex="false" tool="0" flavor2="0">
      </item>
      <item path="sources/simple_vmstate.c" ex="false" tool="0" flavor2="0">
      </item>
      <item path="sources/simple_vmstrindex.c" ex="false" tool="0" flavor2="0">
      </item>
      <item path="sources/simple_vmvars.c" ex="false" tool="0" flavor2="0">
      </item>
    </conf>
  </confs>
</configurationDescriptor>
