<?xml version="1.0" encoding="UTF-8"?>
<configurationDescriptor version="100">
  <logicalFolder name="root" displayName="root" projectFiles="true" kind="ROOT">
    <logicalFolder name="HeaderFiles"
                   displayName="Header Files"
                   projectFiles="true">
      <itemPath>includes/ring.h</itemPath>
      <itemPath>includes/ring_api.h</itemPath>
      <itemPath>includes/ring_codegen.h</itemPath>
      <itemPath>includes/ring_ext.h</itemPath>
      <itemPath>includes/ring_hashlib.h</itemPath>
      <itemPath>includes/ring_hashtable.h</itemPath>
      <itemPath>includes/ring_item.h</itemPath>
      <itemPath>includes/ring_items.h</itemPath>
      <itemPath>includes/ring_list.h</itemPath>
      <itemPath>includes/ring_objfile.h</itemPath>
      <itemPath>includes/ring_parser.h</itemPath>
      <itemPath>includes/ring_pooldata.h</itemPath>
      <itemPath>includes/ring_scanner.h</itemPath>
      <itemPath>includes/ring_state.h</itemPath>
      <itemPath>includes/ring_string.h</itemPath>
      <itemPath>includes/ring_vm.h</itemPath>
      <itemPath>includes/ring_vmdll.h</itemPath>
      <itemPath>includes/ring_vmfile.h</itemPath>
      <itemPath>includes/ring_vmgc.h</itemPath>
      <itemPath>includes/ring_vmgcdata.h</itemPath>
      <itemPath>includes/ring_vmlistfuncs.h</itemPath>
      <itemPath>includes/ring_vmmath.h</itemPath>
      <itemPath>includes/ring_vmos.h</itemPath>
      <itemPath>includes/ring_vmrefmeta.h</itemPath>
      <itemPath>includes/simple_misc.h</itemPath>
    </logicalFolder>
    <logicalFolder name="ResourceFiles"
                   displayName="Resource Files"
                   projectFiles="true">
    </logicalFolder>
    <logicalFolder name="SourceFiles"
                   displayName="Source Files"
                   projectFiles="true">
      <itemPath>sources/simple.c</itemPath>
      <itemPath>sources/simple_api.c</itemPath>
      <itemPath>sources/simple_codegen.c</itemPath>
      <itemPath>sources/simple_expr.c</itemPath>
      <itemPath>sources/simple_ext.c</itemPath>
      <itemPath>sources/simple_hashlib.c</itemPath>
      <itemPath>sources/simple_hashtable.c</itemPath>
      <itemPath>sources/simple_item.c</itemPath>
      <itemPath>sources/simple_items.c</itemPath>
      <itemPath>sources/simple_list.c</itemPath>
      <itemPath>sources/simple_misc.c</itemPath>
      <itemPath>sources/simple_objfile.c</itemPath>
      <itemPath>sources/simple_parser.c</itemPath>
      <itemPath>sources/simple_scanner.c</itemPath>
      <itemPath>sources/simple_state.c</itemPath>
      <itemPath>sources/simple_stmt.c</itemPath>
      <itemPath>sources/simple_string.c</itemPath>
      <itemPath>sources/simple_vm.c</itemPath>
      <itemPath>sources/simple_vmcui.c</itemPath>
      <itemPath>sources/simple_vmdll.c</itemPath>
      <itemPath>sources/simple_vmduprange.c</itemPath>
      <itemPath>sources/simple_vmexit.c</itemPath>
      <itemPath>sources/simple_vmexpr.c</itemPath>
      <itemPath>sources/simple_vmfile.c</itemPath>
      <itemPath>sources/simple_vmfuncs.c</itemPath>
      <itemPath>sources/simple_vmgc.c</itemPath>
      <itemPath>sources/simple_vmjump.c</itemPath>
      <itemPath>sources/simple_vmlistfuncs.c</itemPath>
      <itemPath>sources/simple_vmlists.c</itemPath>
      <itemPath>sources/simple_vmmath.c</itemPath>
      <itemPath>sources/simple_vmoop.c</itemPath>
      <itemPath>sources/simple_vmos.c</itemPath>
      <itemPath>sources/simple_vmperformance.c</itemPath>
      <itemPath>sources/simple_vmrefmeta.c</itemPath>
      <itemPath>sources/simple_vmstackvars.c</itemPath>
      <itemPath>sources/simple_vmstate.c</itemPath>
      <itemPath>sources/simple_vmstrindex.c</itemPath>
      <itemPath>sources/simple_vmtrycatch.c</itemPath>
      <itemPath>sources/simple_vmvars.c</itemPath>
      <itemPath>sources/simplew.c</itemPath>
    </logicalFolder>
    <logicalFolder name="TestFiles"
                   displayName="Test Files"
                   projectFiles="false"
                   kind="TEST_LOGICAL_FOLDER">
    </logicalFolder>
    <logicalFolder name="ExternalFiles"
                   displayName="Important Files"
                   projectFiles="false"
                   kind="IMPORTANT_FILES_FOLDER">
      <itemPath>Makefile</itemPath>
    </logicalFolder>
  </logicalFolder>
  <projectmakefile>Makefile</projectmakefile>
  <confs>
    <conf name="Debug" type="1">
      <toolsSet>
        <compilerSet>default</compilerSet>
        <dependencyChecking>true</dependencyChecking>
        <rebuildPropChanged>false</rebuildPropChanged>
      </toolsSet>
      <compileType>
      </compileType>
      <item path="includes/ring.h" ex="false" tool="3" flavor2="0">
      </item>
      <item path="includes/ring_api.h" ex="false" tool="3" flavor2="0">
      </item>
      <item path="includes/ring_codegen.h" ex="false" tool="3" flavor2="0">
      </item>
      <item path="includes/ring_ext.h" ex="false" tool="3" flavor2="0">
      </item>
      <item path="includes/ring_hashlib.h" ex="false" tool="3" flavor2="0">
      </item>
      <item path="includes/ring_hashtable.h" ex="false" tool="3" flavor2="0">
      </item>
      <item path="includes/ring_item.h" ex="false" tool="3" flavor2="0">
      </item>
      <item path="includes/ring_items.h" ex="false" tool="3" flavor2="0">
      </item>
      <item path="includes/ring_list.h" ex="false" tool="3" flavor2="0">
      </item>
      <item path="includes/ring_objfile.h" ex="false" tool="3" flavor2="0">
      </item>
      <item path="includes/ring_parser.h" ex="false" tool="3" flavor2="0">
      </item>
      <item path="includes/ring_pooldata.h" ex="false" tool="3" flavor2="0">
      </item>
      <item path="includes/ring_scanner.h" ex="false" tool="3" flavor2="0">
      </item>
      <item path="includes/ring_state.h" ex="false" tool="3" flavor2="0">
      </item>
      <item path="includes/ring_string.h" ex="false" tool="3" flavor2="0">
      </item>
      <item path="includes/ring_vm.h" ex="false" tool="3" flavor2="0">
      </item>
      <item path="includes/ring_vmdll.h" ex="false" tool="3" flavor2="0">
      </item>
      <item path="includes/ring_vmfile.h" ex="false" tool="3" flavor2="0">
      </item>
      <item path="includes/ring_vmgc.h" ex="false" tool="3" flavor2="0">
      </item>
      <item path="includes/ring_vmgcdata.h" ex="false" tool="3" flavor2="0">
      </item>
      <item path="includes/ring_vmlistfuncs.h" ex="false" tool="3" flavor2="0">
      </item>
      <item path="includes/ring_vmmath.h" ex="false" tool="3" flavor2="0">
      </item>
      <item path="includes/ring_vmos.h" ex="false" tool="3" flavor2="0">
      </item>
      <item path="includes/ring_vmrefmeta.h" ex="false" tool="3" flavor2="0">
      </item>
      <item path="includes/simple_misc.h" ex="false" tool="3" flavor2="0">
      </item>
      <item path="sources/simple.c" ex="false" tool="0" flavor2="0">
      </item>
      <item path="sources/simple_api.c" ex="false" tool="0" flavor2="0">
      </item>
      <item path="sources/simple_codegen.c" ex="false" tool="0" flavor2="0">
      </item>
      <item path="sources/simple_expr.c" ex="false" tool="0" flavor2="0">
      </item>
      <item path="sources/simple_ext.c" ex="false" tool="0" flavor2="0">
      </item>
      <item path="sources/simple_hashlib.c" ex="false" tool="0" flavor2="0">
      </item>
      <item path="sources/simple_hashtable.c" ex="false" tool="0" flavor2="0">
      </item>
      <item path="sources/simple_item.c" ex="false" tool="0" flavor2="0">
      </item>
      <item path="sources/simple_items.c" ex="false" tool="0" flavor2="0">
      </item>
      <item path="sources/simple_list.c" ex="false" tool="0" flavor2="0">
      </item>
      <item path="sources/simple_misc.c" ex="false" tool="0" flavor2="0">
      </item>
      <item path="sources/simple_objfile.c" ex="false" tool="0" flavor2="0">
      </item>
      <item path="sources/simple_parser.c" ex="false" tool="0" flavor2="0">
      </item>
      <item path="sources/simple_scanner.c" ex="false" tool="0" flavor2="0">
      </item>
      <item path="sources/simple_state.c" ex="false" tool="0" flavor2="0">
      </item>
      <item path="sources/simple_stmt.c" ex="false" tool="0" flavor2="0">
      </item>
      <item path="sources/simple_string.c" ex="false" tool="0" flavor2="0">
      </item>
      <item path="sources/simple_vm.c" ex="false" tool="0" flavor2="0">
      </item>
      <item path="sources/simple_vmcui.c" ex="false" tool="0" flavor2="0">
      </item>
      <item path="sources/simple_vmdll.c" ex="false" tool="0" flavor2="0">
      </item>
      <item path="sources/simple_vmduprange.c" ex="false" tool="0" flavor2="0">
      </item>
      <item path="sources/simple_vmexit.c" ex="false" tool="0" flavor2="0">
      </item>
      <item path="sources/simple_vmexpr.c" ex="false" tool="0" flavor2="0">
      </item>
      <item path="sources/simple_vmfile.c" ex="false" tool="0" flavor2="0">
      </item>
      <item path="sources/simple_vmfuncs.c" ex="false" tool="0" flavor2="0">
      </item>
      <item path="sources/simple_vmgc.c" ex="false" tool="0" flavor2="0">
      </item>
      <item path="sources/simple_vmjump.c" ex="false" tool="0" flavor2="0">
      </item>
      <item path="sources/simple_vmlistfuncs.c" ex="false" tool="0" flavor2="0">
      </item>
      <item path="sources/simple_vmlists.c" ex="false" tool="0" flavor2="0">
      </item>
      <item path="sources/simple_vmmath.c" ex="false" tool="0" flavor2="0">
      </item>
      <item path="sources/simple_vmoop.c" ex="false" tool="0" flavor2="0">
      </item>
      <item path="sources/simple_vmos.c" ex="false" tool="0" flavor2="0">
      </item>
      <item path="sources/simple_vmperformance.c" ex="false" tool="0" flavor2="0">
      </item>
      <item path="sources/simple_vmrefmeta.c" ex="false" tool="0" flavor2="0">
      </item>
      <item path="sources/simple_vmstackvars.c" ex="false" tool="0" flavor2="0">
      </item>
      <item path="sources/simple_vmstate.c" ex="false" tool="0" flavor2="0">
      </item>
      <item path="sources/simple_vmstrindex.c" ex="false" tool="0" flavor2="0">
      </item>
      <item path="sources/simple_vmtrycatch.c" ex="false" tool="0" flavor2="0">
      </item>
      <item path="sources/simple_vmvars.c" ex="false" tool="0" flavor2="0">
      </item>
      <item path="sources/simplew.c" ex="false" tool="0" flavor2="0">
      </item>
    </conf>
    <conf name="Release" type="1">
      <toolsSet>
        <compilerSet>default</compilerSet>
        <dependencyChecking>true</dependencyChecking>
        <rebuildPropChanged>false</rebuildPropChanged>
      </toolsSet>
      <compileType>
        <cTool>
          <developmentMode>5</developmentMode>
        </cTool>
        <ccTool>
          <developmentMode>5</developmentMode>
        </ccTool>
        <fortranCompilerTool>
          <developmentMode>5</developmentMode>
        </fortranCompilerTool>
        <asmTool>
          <developmentMode>5</developmentMode>
        </asmTool>
      </compileType>
      <item path="includes/ring.h" ex="false" tool="3" flavor2="0">
      </item>
      <item path="includes/ring_api.h" ex="false" tool="3" flavor2="0">
      </item>
      <item path="includes/ring_codegen.h" ex="false" tool="3" flavor2="0">
      </item>
      <item path="includes/ring_ext.h" ex="false" tool="3" flavor2="0">
      </item>
      <item path="includes/ring_hashlib.h" ex="false" tool="3" flavor2="0">
      </item>
      <item path="includes/ring_hashtable.h" ex="false" tool="3" flavor2="0">
      </item>
      <item path="includes/ring_item.h" ex="false" tool="3" flavor2="0">
      </item>
      <item path="includes/ring_items.h" ex="false" tool="3" flavor2="0">
      </item>
      <item path="includes/ring_list.h" ex="false" tool="3" flavor2="0">
      </item>
      <item path="includes/ring_objfile.h" ex="false" tool="3" flavor2="0">
      </item>
      <item path="includes/ring_parser.h" ex="false" tool="3" flavor2="0">
      </item>
      <item path="includes/ring_pooldata.h" ex="false" tool="3" flavor2="0">
      </item>
      <item path="includes/ring_scanner.h" ex="false" tool="3" flavor2="0">
      </item>
      <item path="includes/ring_state.h" ex="false" tool="3" flavor2="0">
      </item>
      <item path="includes/ring_string.h" ex="false" tool="3" flavor2="0">
      </item>
      <item path="includes/ring_vm.h" ex="false" tool="3" flavor2="0">
      </item>
      <item path="includes/ring_vmdll.h" ex="false" tool="3" flavor2="0">
      </item>
      <item path="includes/ring_vmfile.h" ex="false" tool="3" flavor2="0">
      </item>
      <item path="includes/ring_vmgc.h" ex="false" tool="3" flavor2="0">
      </item>
      <item path="includes/ring_vmgcdata.h" ex="false" tool="3" flavor2="0">
      </item>
      <item path="includes/ring_vmlistfuncs.h" ex="false" tool="3" flavor2="0">
      </item>
      <item path="includes/ring_vmmath.h" ex="false" tool="3" flavor2="0">
      </item>
      <item path="includes/ring_vmos.h" ex="false" tool="3" flavor2="0">
      </item>
      <item path="includes/ring_vmrefmeta.h" ex="false" tool="3" flavor2="0">
      </item>
      <item path="includes/simple_misc.h" ex="false" tool="3" flavor2="0">
      </item>
      <item path="sources/simple.c" ex="false" tool="0" flavor2="0">
      </item>
      <item path="sources/simple_api.c" ex="false" tool="0" flavor2="0">
      </item>
      <item path="sources/simple_codegen.c" ex="false" tool="0" flavor2="0">
      </item>
      <item path="sources/simple_expr.c" ex="false" tool="0" flavor2="0">
      </item>
      <item path="sources/simple_ext.c" ex="false" tool="0" flavor2="0">
      </item>
      <item path="sources/simple_hashlib.c" ex="false" tool="0" flavor2="0">
      </item>
      <item path="sources/simple_hashtable.c" ex="false" tool="0" flavor2="0">
      </item>
      <item path="sources/simple_item.c" ex="false" tool="0" flavor2="0">
      </item>
      <item path="sources/simple_items.c" ex="false" tool="0" flavor2="0">
      </item>
      <item path="sources/simple_list.c" ex="false" tool="0" flavor2="0">
      </item>
      <item path="sources/simple_misc.c" ex="false" tool="0" flavor2="0">
      </item>
      <item path="sources/simple_objfile.c" ex="false" tool="0" flavor2="0">
      </item>
      <item path="sources/simple_parser.c" ex="false" tool="0" flavor2="0">
      </item>
      <item path="sources/simple_scanner.c" ex="false" tool="0" flavor2="0">
      </item>
      <item path="sources/simple_state.c" ex="false" tool="0" flavor2="0">
      </item>
      <item path="sources/simple_stmt.c" ex="false" tool="0" flavor2="0">
      </item>
      <item path="sources/simple_string.c" ex="false" tool="0" flavor2="0">
      </item>
      <item path="sources/simple_vm.c" ex="false" tool="0" flavor2="0">
      </item>
      <item path="sources/simple_vmcui.c" ex="false" tool="0" flavor2="0">
      </item>
      <item path="sources/simple_vmdll.c" ex="false" tool="0" flavor2="0">
      </item>
      <item path="sources/simple_vmduprange.c" ex="false" tool="0" flavor2="0">
      </item>
      <item path="sources/simple_vmexit.c" ex="false" tool="0" flavor2="0">
      </item>
      <item path="sources/simple_vmexpr.c" ex="false" tool="0" flavor2="0">
      </item>
      <item path="sources/simple_vmfile.c" ex="false" tool="0" flavor2="0">
      </item>
      <item path="sources/simple_vmfuncs.c" ex="false" tool="0" flavor2="0">
      </item>
      <item path="sources/simple_vmgc.c" ex="false" tool="0" flavor2="0">
      </item>
      <item path="sources/simple_vmjump.c" ex="false" tool="0" flavor2="0">
      </item>
      <item path="sources/simple_vmlistfuncs.c" ex="false" tool="0" flavor2="0">
      </item>
      <item path="sources/simple_vmlists.c" ex="false" tool="0" flavor2="0">
      </item>
      <item path="sources/simple_vmmath.c" ex="false" tool="0" flavor2="0">
      </item>
      <item path="sources/simple_vmoop.c" ex="false" tool="0" flavor2="0">
      </item>
      <item path="sources/simple_vmos.c" ex="false" tool="0" flavor2="0">
      </item>
      <item path="sources/simple_vmperformance.c" ex="false" tool="0" flavor2="0">
      </item>
      <item path="sources/simple_vmrefmeta.c" ex="false" tool="0" flavor2="0">
      </item>
      <item path="sources/simple_vmstackvars.c" ex="false" tool="0" flavor2="0">
      </item>
      <item path="sources/simple_vmstate.c" ex="false" tool="0" flavor2="0">
      </item>
      <item path="sources/simple_vmstrindex.c" ex="false" tool="0" flavor2="0">
      </item>
      <item path="sources/simple_vmtrycatch.c" ex="false" tool="0" flavor2="0">
      </item>
      <item path="sources/simple_vmvars.c" ex="false" tool="0" flavor2="0">
      </item>
      <item path="sources/simplew.c" ex="false" tool="0" flavor2="0">
      </item>
    </conf>
  </confs>
</configurationDescriptor>
